game_date,league,home_team,event_name,venue_name,longitude,latitude
2023-06-10,MLS,Atlanta United FC,D.C. United at Atlanta United FC,Mercedes-Benz Stadium,-84.401993,33.755489
2023-06-11,MLB,Atlanta Braves,Washington Nationals at Atlanta Braves,Truist Park,-84.468239,33.890781
2023-06-15,MLB,Atlanta Braves,Colorado Rockies at Atlanta Braves,Truist Park,-84.468239,33.890781
2023-06-16,MLB,Atlanta Braves,Colorado Rockies at Atlanta Braves,Truist Park,-84.468239,33.890781
2023-06-17,MLB,Atlanta Braves,Colorado Rockies at Atlanta Braves,Truist Park,-84.468239,33.890781
2023-06-18,MLB,Atlanta Braves,Colorado Rockies at Atlanta Braves,Truist Park,-84.468239,33.890781
2023-06-21,MLS,Atlanta United FC,New York City FC at Atlanta United FC,Mercedes-Benz Stadium,-84.401993,33.755489
2023-06-26,MLB,Atlanta Braves,Minnesota Twins at Atlanta Braves,Truist Park,-84.468239,33.890781
2023-06-27,MLB,Atlanta Braves,Minnesota Twins at Atlanta Braves,Truist Park,-84.468239,33.890781
2023-06-28,MLB,Atlanta Braves,Minnesota Twins at Atlanta Braves,Truist Park,-84.468239,33.890781
2023-06-30,MLB,Atlanta Braves,Miami Marlins at Atlanta Braves,Truist Park,-84.468239,33.890781
2023-07-01,MLB,Atlanta Braves,Miami Marlins at Atlanta Braves,Truist Park,-84.468239,33.890781
2023-07-02,MLS,Atlanta United FC,Toronto FC at Atlanta United FC,Mercedes-Benz Stadium,-84.401993,33.755489
2023-07-02,MLB,Atlanta Braves,Miami Marlins at Atlanta Braves,Truist Park,-84.468239,33.890781
2023-07-14,MLB,Atlanta Braves,Chicago White Sox at Atlanta Braves,Truist Park,-84.468239,33.890781
2023-07-15,MLS,Atlanta United FC,Orlando City SC at Atlanta United FC,Mercedes-Benz Stadium,-84.401993,33.755489
2023-07-15,MLB,Atlanta Braves,Chicago White Sox at Atlanta Braves,Truist Park,-84.468239,33.890781
2023-07-16,MLB,Atlanta Braves,Chicago White Sox at Atlanta Braves,Truist Park,-84.468239,33.890781
2023-07-18,MLB,Atlanta Braves,Arizona Diamondbacks at Atlanta Braves,Truist Park,-84.468239,33.890781
2023-07-19,MLB,Atlanta Braves,Arizona Diamondbacks at Atlanta Braves,Truist Park,-84.468239,33.890781
2023-07-20,MLB,Atlanta Braves,Arizona Diamondbacks at Atlanta Braves,Truist Park,-84.468239,33.890781
2023-07-28,MLB,Atlanta Braves,Milwaukee Brewers at Atlanta Braves,Truist Park,-84.468239,33.890781
2023-07-29,MLB,Atlanta Braves,Milwaukee Brewers at Atlanta Braves,Truist Park,-84.468239,33.890781
2023-07-30,MLB,Atlanta Braves,Milwaukee Brewers at Atlanta Braves,Truist Park,-84.468239,33.890781
2023-07-31,MLB,Atlanta Braves,Los Angeles Angels at Atlanta Braves,Truist Park,-84.468239,33.890781
2023-08-01,MLB,Atlanta Braves,Los Angeles Angels at Atlanta Braves,Truist Park,-84.468239,33.890781
2023-08-02,MLB,Atlanta Braves,Los Angeles Angels at Atlanta Braves,Truist Park,-84.468239,33.890781
2023-08-14,MLB,Atlanta Braves,New York Yankees at Atlanta Braves,Truist Park,-84.468239,33.890781
2023-08-15,MLB,Atlanta Braves,New York Yankees at Atlanta Braves,Truist Park,-84.468239,33.890781
2023-08-16,MLB,Atlanta Braves,New York Yankees at Atlanta Braves,Truist Park,-84.468239,33.890781
2023-08-18,MLB,Atlanta Braves,San Francisco Giants at Atlanta Braves,Truist Park,-84.468239,33.890781
2023-08-19,MLB,Atlanta Braves,San Francisco Giants at Atlanta Braves,Truist Park,-84.468239,33.890781
2023-08-20,MLB,Atlanta Braves,San Francisco Giants at Atlanta Braves,Truist Park,-84.468239,33.890781
2023-08-21,MLB,Atlanta Braves,New York Mets at Atlanta Braves,Truist Park,-84.468239,33.890781
2023-08-22,MLB,Atlanta Braves,New York Mets at Atlanta Braves,Truist Park,-84.468239,33.890781
2023-08-23,MLB,Atlanta Braves,New York Mets at Atlanta Braves,Truist Park,-84.468239,33.890781
2023-08-26,MLS,Atlanta United FC,Nashville SC at Atlanta United FC,Mercedes-Benz Stadium,-84.401993,33.755489
2023-08-30,MLS,Atlanta United FC,New England Revolution at Atlanta United FC,Mercedes-Benz Stadium,-84.401993,33.755489
2023-09-05,MLB,Atlanta Braves,St. Louis Cardinals at Atlanta Braves,Truist Park,-84.468239,33.890781
2023-09-06,MLB,Atlanta Braves,St. Louis Cardinals at Atlanta Braves,Truist Park,-84.468239,33.890781
2023-09-07,MLB,Atlanta Braves,St. Louis Cardinals at Atlanta Braves,Truist Park,-84.468239,33.890781
2023-09-08,MLB,Atlanta Braves,Pittsburgh Pirates at Atlanta Braves,Truist Park,-84.468239,33.890781
2023-09-09,MLB,Atlanta Braves,Pittsburgh Pirates at Atlanta Braves,Truist Park,-84.468239,33.890781
2023-09-10,MLB,Atlanta Braves,Pittsburgh Pirates at Atlanta Braves,Truist Park,-84.468239,33.890781
2023-09-16,MLS,Atlanta United FC,Inter Miami CF at Atlanta United FC,Mercedes-Benz Stadium,-84.401993,33.755489
2023-09-18,MLB,Atlanta Braves,Philadelphia Phillies at Atlanta Braves,Truist Park,-84.468239,33.890781
2023-09-19,MLB,Atlanta Braves,Philadelphia Phillies at Atlanta Braves,Truist Park,-84.468239,33.890781
2023-09-20,MLB,Atlanta Braves,Philadelphia Phillies at Atlanta Braves,Truist Park,-84.468239,33.890781
2023-09-23,MLS,Atlanta United FC,CF Montréal at Atlanta United FC,Mercedes-Benz Stadium,-84.401993,33.755489
2023-09-26,MLB,Atlanta Braves,Chicago Cubs at Atlanta Braves,Truist Park,-84.468239,33.890781
2023-09-27,MLB,Atlanta Braves,Chicago Cubs at Atlanta Braves,Truist Park,-84.468239,33.890781
2023-09-28,MLB,Atlanta Braves,Chicago Cubs at Atlanta Braves,Truist Park,-84.468239,33.890781
2023-09-29,MLB,Atlanta Braves,Washington Nationals at Atlanta Braves,Truist Park,-84.468239,33.890781
2023-09-30,MLB,Atlanta Braves,Washington Nationals at Atlanta Braves,Truist Park,-84.468239,33.890781
2023-10-01,MLB,Atlanta Braves,Washington Nationals at Atlanta Braves,Truist Park,-84.468239,33.890781
2023-10-07,MLB,Atlanta Braves,Philadelphia Phillies at Atlanta Braves,Truist Park,-84.468239,33.890781
2023-10-07,MLS,Atlanta United FC,Columbus Crew at Atlanta United FC,Mercedes-Benz Stadium,-84.401993,33.755489
2023-10-09,MLB,Atlanta Braves,Philadelphia Phillies at Atlanta Braves,Truist Park,-84.468239,33.890781
2023-10-19,NBA,Atlanta Hawks,Houston at Atlanta Hawks,State Farm Arena,-84.39639,33.75722
2023-10-21,NBA,Atlanta Hawks,Orlando at Atlanta Hawks,State Farm Arena,-84.39639,33.75722
2023-10-23,NBA,Atlanta Hawks,Charlotte at Atlanta Hawks,State Farm Arena,-84.39639,33.75722
2023-11-05,NBA,Atlanta Hawks,New Orleans at Atlanta Hawks,State Farm Arena,-84.39639,33.75722
2023-11-07,NBA,Atlanta Hawks,Milwaukee at Atlanta Hawks,State Farm Arena,-84.39639,33.75722
2023-11-09,NBA,Atlanta Hawks,Utah at Atlanta Hawks,State Farm Arena,-84.39639,33.75722
2023-11-10,NBA,Atlanta Hawks,Philadelphia at Atlanta Hawks,State Farm Arena,-84.39639,33.75722
2023-11-16,NBA,Atlanta Hawks,Boston at Atlanta Hawks,State Farm Arena,-84.39639,33.75722
2023-11-19,NBA,Atlanta Hawks,Toronto at Atlanta Hawks,State Farm Arena,-84.39639,33.75722
2023-11-23,NBA,Atlanta Hawks,Sacramento at Atlanta Hawks,State Farm Arena,-84.39639,33.75722
2023-11-27,NBA,Atlanta Hawks,Miami at Atlanta Hawks,State Farm Arena,-84.39639,33.75722
2023-12-02,NBA,Atlanta Hawks,Denver at Atlanta Hawks,State Farm Arena,-84.39639,33.75722
2023-12-05,NBA,Atlanta Hawks,Oklahoma City at Atlanta Hawks,State Farm Arena,-84.39639,33.75722
2023-12-11,NBA,Atlanta Hawks,Chicago at Atlanta Hawks,State Farm Arena,-84.39639,33.75722
2023-12-19,NBA,Atlanta Hawks,Orlando at Atlanta Hawks,State Farm Arena,-84.39639,33.75722
2023-12-21,NBA,Atlanta Hawks,Chicago at Atlanta Hawks,State Farm Arena,-84.39639,33.75722
2023-12-23,NBA,Atlanta Hawks,Detroit at Atlanta Hawks,State Farm Arena,-84.39639,33.75722
2023-12-28,NBA,Atlanta Hawks,Brooklyn at Atlanta Hawks,State Farm Arena,-84.39639,33.75722
2023-12-30,NBA,Atlanta Hawks,Los Angeles at Atlanta Hawks,State Farm Arena,-84.39639,33.75722
2024-01-11,NBA,Atlanta Hawks,Milwaukee at Atlanta Hawks,State Farm Arena,-84.39639,33.75722
2024-01-16,NBA,Atlanta Hawks,Miami at Atlanta Hawks,State Farm Arena,-84.39639,33.75722
2024-01-20,NBA,Atlanta Hawks,New York at Atlanta Hawks,State Farm Arena,-84.39639,33.75722
2024-01-21,NBA,Atlanta Hawks,Charlotte at Atlanta Hawks,State Farm Arena,-84.39639,33.75722
2024-01-28,NBA,Atlanta Hawks,LA at Atlanta Hawks,State Farm Arena,-84.39639,33.75722
2024-02-09,NBA,Atlanta Hawks,Phoenix at Atlanta Hawks,State Farm Arena,-84.39639,33.75722
2024-02-11,NBA,Atlanta Hawks,San Antonio at Atlanta Hawks,State Farm Arena,-84.39639,33.75722
2024-02-15,NBA,Atlanta Hawks,New York at Atlanta Hawks,State Farm Arena,-84.39639,33.75722
2024-02-24,NBA,Atlanta Hawks,Cleveland at Atlanta Hawks,State Farm Arena,-84.39639,33.75722
2024-02-25,MLB,Atlanta Braves,Boston Red Sox at Atlanta Braves,CoolToday Park,-82.319747,27.032414
2024-02-26,MLB,Atlanta Braves,Baltimore Orioles at Atlanta Braves,CoolToday Park,-82.319747,27.032414
2024-02-26,NBA,Atlanta Hawks,Brooklyn at Atlanta Hawks,State Farm Arena,-84.39639,33.75722
2024-02-28,NBA,Atlanta Hawks,Washington at Atlanta Hawks,State Farm Arena,-84.39639,33.75722
2024-02-29,MLB,Atlanta Braves,Minnesota Twins at Atlanta Braves,CoolToday Park,-82.319747,27.032414
2024-03-01,MLB,Atlanta Braves,Baltimore Orioles at Atlanta Braves,CoolToday Park,-82.319747,27.032414
2024-03-03,NBA,Atlanta Hawks,Portland at Atlanta Hawks,State Farm Arena,-84.39639,33.75722
2024-03-03,MLB,Atlanta Braves,Philadelphia Phillies at Atlanta Braves,CoolToday Park,-82.319747,27.032414
2024-03-05,MLB,Atlanta Braves,Detroit Tigers at Atlanta Braves,CoolToday Park,-82.319747,27.032414
2024-03-08,MLB,Atlanta Braves,Pittsburgh Pirates at Atlanta Braves,CoolToday Park,-82.319747,27.032414
2024-03-09,MLB,Atlanta Braves,Baltimore Orioles at Atlanta Braves,CoolToday Park,-82.319747,27.032414
2024-03-09,MLS,Atlanta United FC,New England Revolution at Atlanta United FC,Mercedes-Benz Stadium,-84.401993,33.755489
2024-03-11,NBA,Atlanta Hawks,Boston at Atlanta Hawks,State Farm Arena,-84.39639,33.75722
2024-03-11,MLB,Atlanta Braves,Minnesota Twins at Atlanta Braves,CoolToday Park,-82.319747,27.032414
2024-03-13,NBA,Atlanta Hawks,Minnesota at Atlanta Hawks,State Farm Arena,-84.39639,33.75722
2024-03-14,MLB,Atlanta Braves,Tampa Bay Rays at Atlanta Braves,CoolToday Park,-82.319747,27.032414
2024-03-16,MLB,Atlanta Braves,Pittsburgh Pirates at Atlanta Braves,CoolToday Park,-82.319747,27.032414
2024-03-17,NBA,Atlanta Hawks,Golden State at Atlanta Hawks,State Farm Arena,-84.39639,33.75722
2024-03-17,MLS,Atlanta United FC,Orlando City SC at Atlanta United FC,Mercedes-Benz Stadium,-84.401993,33.755489
2024-03-17,MLB,Atlanta Braves,Boston Red Sox at Atlanta Braves,CoolToday Park,-82.319747,27.032414
2024-03-20,MLB,Atlanta Braves,Toronto Blue Jays at Atlanta Braves,CoolToday Park,-82.319747,27.032414
2024-03-21,NBA,Atlanta Hawks,Detroit at Atlanta Hawks,State Farm Arena,-84.39639,33.75722
2024-03-21,MLB,Atlanta Braves,New York Yankees at Atlanta Braves,CoolToday Park,-82.319747,27.032414
2024-03-23,MLB,Atlanta Braves,Tampa Bay Rays at Atlanta Braves,CoolToday Park,-82.319747,27.032414
2024-03-25,MLB,Atlanta Braves,Minnesota Twins at Atlanta Braves,CoolToday Park,-82.319747,27.032414
2024-03-25,NBA,Atlanta Hawks,Indiana at Atlanta Hawks,State Farm Arena,-84.39639,33.75722
2024-03-26,NBA,Atlanta Hawks,Memphis at Atlanta Hawks,State Farm Arena,-84.39639,33.75722
2024-03-28,NBA,Atlanta Hawks,Cleveland at Atlanta Hawks,State Farm Arena,-84.39639,33.75722
2024-03-31,MLS,Atlanta United FC,Chicago Fire FC at Atlanta United FC,Mercedes-Benz Stadium,-84.401993,33.755489
2024-04-02,NBA,Atlanta Hawks,Dallas at Atlanta Hawks,State Farm Arena,-84.39639,33.75722
2024-04-05,MLB,Atlanta Braves,Arizona Diamondbacks at Atlanta Braves,Truist Park,-84.468239,33.890781
2024-04-05,NBA,Atlanta Hawks,Washington at Atlanta Hawks,State Farm Arena,-84.39639,33.75722
2024-04-06,MLB,Atlanta Braves,Arizona Diamondbacks at Atlanta Braves,Truist Park,-84.468239,33.890781
2024-04-07,MLB,Atlanta Braves,Arizona Diamondbacks at Atlanta Braves,Truist Park,-84.468239,33.890781
2024-04-07,NBA,Atlanta Hawks,Philadelphia at Atlanta Hawks,State Farm Arena,-84.39639,33.75722
2024-04-08,MLB,Atlanta Braves,New York Mets at Atlanta Braves,Truist Park,-84.468239,33.890781
2024-04-09,MLB,Atlanta Braves,New York Mets at Atlanta Braves,Truist Park,-84.468239,33.890781
2024-04-10,MLB,Atlanta Braves,New York Mets at Atlanta Braves,Truist Park,-84.468239,33.890781
2024-04-11,MLB,Atlanta Braves,New York Mets at Atlanta Braves,Truist Park,-84.468239,33.890781
2024-04-14,MLS,Atlanta United FC,Philadelphia Union at Atlanta United FC,Mercedes-Benz Stadium,-84.401993,33.755489
2024-04-19,MLB,Atlanta Braves,Texas Rangers at Atlanta Braves,Truist Park,-84.468239,33.890781
2024-04-20,MLS,Atlanta United FC,FC Cincinnati at Atlanta United FC,Mercedes-Benz Stadium,-84.401993,33.755489
2024-04-20,MLB,Atlanta Braves,Texas Rangers at Atlanta Braves,Truist Park,-84.468239,33.890781
2024-04-21,NBA,Atlanta Hawks,Boston at Atlanta Hawks,State Farm Arena,-84.39639,33.75722
2024-04-21,MLB,Atlanta Braves,Texas Rangers at Atlanta Braves,Truist Park,-84.468239,33.890781
2024-04-22,MLB,Atlanta Braves,Miami Marlins at Atlanta Braves,Truist Park,-84.468239,33.890781
2024-04-23,NBA,Atlanta Hawks,Boston at Atlanta Hawks,State Farm Arena,-84.39639,33.75722
2024-04-23,MLB,Atlanta Braves,Miami Marlins at Atlanta Braves,Truist Park,-84.468239,33.890781
2024-04-24,MLB,Atlanta Braves,Miami Marlins at Atlanta Braves,Truist Park,-84.468239,33.890781
2024-04-26,MLB,Atlanta Braves,Cleveland Guardians at Atlanta Braves,Truist Park,-84.468239,33.890781
2024-04-27,MLB,Atlanta Braves,Cleveland Guardians at Atlanta Braves,Truist Park,-84.468239,33.890781
2024-04-27,NBA,Atlanta Hawks,Boston at Atlanta Hawks,State Farm Arena,-84.39639,33.75722
2024-04-28,MLB,Atlanta Braves,Cleveland Guardians at Atlanta Braves,Truist Park,-84.468239,33.890781
2024-05-04,MLS,Atlanta United FC,Minnesota United FC at Atlanta United FC,Mercedes-Benz Stadium,-84.401993,33.755489
2024-05-07,MLB,Atlanta Braves,Boston Red Sox at Atlanta Braves,Truist Park,-84.468239,33.890781
2024-05-08,MLB,Atlanta Braves,Boston Red Sox at Atlanta Braves,Truist Park,-84.468239,33.890781
2024-05-11,MLS,Atlanta United FC,D.C. United at Atlanta United FC,Mercedes-Benz Stadium,-84.401993,33.755489
2024-05-13,MLB,Atlanta Braves,Chicago Cubs at Atlanta Braves,Truist Park,-84.468239,33.890781
2024-05-14,MLB,Atlanta Braves,Chicago Cubs at Atlanta Braves,Truist Park,-84.468239,33.890781
2024-05-15,MLB,Atlanta Braves,Chicago Cubs at Atlanta Braves,Truist Park,-84.468239,33.890781
2024-05-17,MLB,Atlanta Braves,San Diego Padres at Atlanta Braves,Truist Park,-84.468239,33.890781
2024-05-18,MLB,Atlanta Braves,San Diego Padres at Atlanta Braves,Truist Park,-84.468239,33.890781
2024-05-19,MLB,Atlanta Braves,San Diego Padres at Atlanta Braves,Truist Park,-84.468239,33.890781
2024-05-20,MLB,Atlanta Braves,San Diego Padres at Atlanta Braves,Truist Park,-84.468239,33.890781
2024-05-25,MLS,Atlanta United FC,Nashville SC at Atlanta United FC,Mercedes-Benz Stadium,-84.401993,33.755489
2024-05-27,MLB,Atlanta Braves,Washington Nationals at Atlanta Braves,Truist Park,-84.468239,33.890781
2024-05-28,MLB,Atlanta Braves,Washington Nationals at Atlanta Braves,Truist Park,-84.468239,33.890781
2024-05-29,MLB,Atlanta Braves,Washington Nationals at Atlanta Braves,Truist Park,-84.468239,33.890781
2024-05-30,MLB,Atlanta Braves,Washington Nationals at Atlanta Braves,Truist Park,-84.468239,33.890781
2024-05-31,MLB,Atlanta Braves,Oakland Athletics at Atlanta Braves,Truist Park,-84.468239,33.890781
2024-06-01,MLB,Atlanta Braves,Oakland Athletics at Atlanta Braves,Truist Park,-84.468239,33.890781
2024-06-02,MLB,Atlanta Braves,Oakland Athletics at Atlanta Braves,Truist Park,-84.468239,33.890781
2024-06-02,MLS,Atlanta United FC,Charlotte FC at Atlanta United FC,Mercedes-Benz Stadium,-84.401993,33.755489
2024-06-14,MLB,Atlanta Braves,Tampa Bay Rays at Atlanta Braves,Truist Park,-84.468239,33.890781
2024-06-15,MLB,Atlanta Braves,Tampa Bay Rays at Atlanta Braves,Truist Park,-84.468239,33.890781
2024-06-15,MLS,Atlanta United FC,Houston Dynamo FC at Atlanta United FC,Mercedes-Benz Stadium,-84.401993,33.755489
2024-06-16,MLB,Atlanta Braves,Tampa Bay Rays at Atlanta Braves,Truist Park,-84.468239,33.890781
2024-06-17,MLB,Atlanta Braves,Detroit Tigers at Atlanta Braves,Truist Park,-84.468239,33.890781
2024-06-18,MLB,Atlanta Braves,Detroit Tigers at Atlanta Braves,Truist Park,-84.468239,33.890781
2024-06-19,MLB,Atlanta Braves,Detroit Tigers at Atlanta Braves,Truist Park,-84.468239,33.890781
2024-06-28,MLB,Atlanta Braves,Pittsburgh Pirates at Atlanta Braves,Truist Park,-84.468239,33.890781
2024-06-29,MLB,Atlanta Braves,Pittsburgh Pirates at Atlanta Braves,Truist Park,-84.468239,33.890781
2024-06-29,MLS,Atlanta United FC,Toronto FC at Atlanta United FC,Mercedes-Benz Stadium,-84.401993,33.755489
2024-06-30,MLB,Atlanta Braves,Pittsburgh Pirates at Atlanta Braves,Truist Park,-84.468239,33.890781
2024-07-02,MLB,Atlanta Braves,San Francisco Giants at Atlanta Braves,Truist Park,-84.468239,33.890781
2024-07-03,MLB,Atlanta Braves,San Francisco Giants at Atlanta Braves,Truist Park,-84.468239,33.890781
2024-07-04,MLB,Atlanta Braves,San Francisco Giants at Atlanta Braves,Truist Park,-84.468239,33.890781
2024-07-05,MLB,Atlanta Braves,Philadelphia Phillies at Atlanta Braves,Truist Park,-84.468239,33.890781
2024-07-06,MLB,Atlanta Braves,Philadelphia Phillies at Atlanta Braves,Truist Park,-84.468239,33.890781
2024-07-07,MLB,Atlanta Braves,Philadelphia Phillies at Atlanta Braves,Truist Park,-84.468239,33.890781
2024-07-17,MLS,Atlanta United FC,New York City FC at Atlanta United FC,Mercedes-Benz Stadium,-84.401993,33.755489
2024-07-19,MLB,Atlanta Braves,St. Louis Cardinals at Atlanta Braves,Truist Park,-84.468239,33.890781
2024-07-20,MLS,Atlanta United FC,Columbus Crew at Atlanta United FC,Mercedes-Benz Stadium,-84.401993,33.755489
2024-07-20,MLB,Atlanta Braves,St. Louis Cardinals at Atlanta Braves,Truist Park,-84.468239,33.890781
2024-07-21,MLB,Atlanta Braves,St. Louis Cardinals at Atlanta Braves,Truist Park,-84.468239,33.890781
2024-07-22,MLB,Atlanta Braves,Cincinnati Reds at Atlanta Braves,Truist Park,-84.468239,33.890781
2024-07-23,MLB,Atlanta Braves,Cincinnati Reds at Atlanta Braves,Truist Park,-84.468239,33.890781
2024-07-24,MLB,Atlanta Braves,Cincinnati Reds at Atlanta Braves,Truist Park,-84.468239,33.890781
2024-08-01,MLB,Atlanta Braves,Miami Marlins at Atlanta Braves,Truist Park,-84.468239,33.890781
2024-08-02,MLB,Atlanta Braves,Miami Marlins at Atlanta Braves,Truist Park,-84.468239,33.890781
2024-08-03,MLB,Atlanta Braves,Miami Marlins at Atlanta Braves,Truist Park,-84.468239,33.890781
2024-08-04,MLB,Atlanta Braves,Miami Marlins at Atlanta Braves,Truist Park,-84.468239,33.890781
2024-08-06,MLB,Atlanta Braves,Milwaukee Brewers at Atlanta Braves,Truist Park,-84.468239,33.890781
2024-08-07,MLB,Atlanta Braves,Milwaukee Brewers at Atlanta Braves,Truist Park,-84.468239,33.890781
2024-08-08,MLB,Atlanta Braves,Milwaukee Brewers at Atlanta Braves,Truist Park,-84.468239,33.890781
2024-08-20,MLB,Atlanta Braves,Philadelphia Phillies at Atlanta Braves,Truist Park,-84.468239,33.890781
2024-08-21,MLB,Atlanta Braves,Philadelphia Phillies at Atlanta Braves,Truist Park,-84.468239,33.890781
2024-08-22,MLB,Atlanta Braves,Philadelphia Phillies at Atlanta Braves,Truist Park,-84.468239,33.890781
2024-08-23,MLB,Atlanta Braves,Washington Nationals at Atlanta Braves,Truist Park,-84.468239,33.890781
2024-08-24,MLB,Atlanta Braves,Washington Nationals at Atlanta Braves,Truist Park,-84.468239,33.890781
2024-08-25,MLB,Atlanta Braves,Washington Nationals at Atlanta Braves,Truist Park,-84.468239,33.890781
2024-09-03,MLB,Atlanta Braves,Colorado Rockies at Atlanta Braves,Truist Park,-84.468239,33.890781
2024-09-04,MLB,Atlanta Braves,Colorado Rockies at Atlanta Braves,Truist Park,-84.468239,33.890781
2024-09-05,MLB,Atlanta Braves,Colorado Rockies at Atlanta Braves,Truist Park,-84.468239,33.890781
2024-09-06,MLB,Atlanta Braves,Toronto Blue Jays at Atlanta Braves,Truist Park,-84.468239,33.890781
2024-09-07,MLB,Atlanta Braves,Toronto Blue Jays at Atlanta Braves,Truist Park,-84.468239,33.890781
2024-09-08,MLB,Atlanta Braves,Toronto Blue Jays at Atlanta Braves,Truist Park,-84.468239,33.890781
2024-09-13,MLB,Atlanta Braves,Los Angeles Dodgers at Atlanta Braves,Truist Park,-84.468239,33.890781
2024-09-14,MLB,Atlanta Braves,Los Angeles Dodgers at Atlanta Braves,Truist Park,-84.468239,33.890781
2024-09-14,MLS,Atlanta United FC,Nashville SC at Atlanta United FC,Mercedes-Benz Stadium,-84.401993,33.755489
2024-09-15,MLB,Atlanta Braves,Los Angeles Dodgers at Atlanta Braves,Truist Park,-84.468239,33.890781
2024-09-16,MLB,Atlanta Braves,Los Angeles Dodgers at Atlanta Braves,Truist Park,-84.468239,33.890781
2024-09-18,MLS,Atlanta United FC,Inter Miami CF at Atlanta United FC,Mercedes-Benz Stadium,-84.401993,33.755489
2024-09-24,MLB,Atlanta Braves,New York Mets at Atlanta Braves,Truist Park,-84.468239,33.890781
2024-09-25,MLB,Atlanta Braves,New York Mets at Atlanta Braves,Truist Park,-84.468239,33.890781
2024-09-27,MLB,Atlanta Braves,Kansas City Royals at Atlanta Braves,Truist Park,-84.468239,33.890781
2024-09-28,MLB,Atlanta Braves,Kansas City Royals at Atlanta Braves,Truist Park,-84.468239,33.890781
2024-09-29,MLB,Atlanta Braves,Kansas City Royals at Atlanta Braves,Truist Park,-84.468239,33.890781
2024-10-02,MLS,Atlanta United FC,CF Montréal at Atlanta United FC,Mercedes-Benz Stadium,-84.401993,33.755489
2024-10-05,MLS,Atlanta United FC,New York Red Bulls at Atlanta United FC,Mercedes-Benz Stadium,-84.401993,33.755489
2024-10-27,NBA,Atlanta Hawks,New York at Atlanta Hawks,State Farm Arena,-84.39639,33.75722
2024-10-30,NBA,Atlanta Hawks,Minnesota at Atlanta Hawks,State Farm Arena,-84.39639,33.75722
2024-11-01,NBA,Atlanta Hawks,Washington at Atlanta Hawks,State Farm Arena,-84.39639,33.75722
2024-11-09,NBA,Atlanta Hawks,Orlando* at Atlanta Hawks,State Farm Arena,-84.39639,33.75722
2024-11-11,NBA,Atlanta Hawks,Miami at Atlanta Hawks,State Farm Arena,-84.39639,33.75722
2024-11-15,NBA,Atlanta Hawks,New York at Atlanta Hawks,State Farm Arena,-84.39639,33.75722
2024-11-17,NBA,Atlanta Hawks,Philadelphia at Atlanta Hawks,State Farm Arena,-84.39639,33.75722
2024-11-21,NBA,Atlanta Hawks,Indiana at Atlanta Hawks,State Farm Arena,-84.39639,33.75722
2024-11-22,NBA,Atlanta Hawks,Brooklyn at Atlanta Hawks,State Farm Arena,-84.39639,33.75722
2024-12-06,NBA,Atlanta Hawks,Brooklyn at Atlanta Hawks,State Farm Arena,-84.39639,33.75722
2024-12-11,NBA,Atlanta Hawks,Denver at Atlanta Hawks,State Farm Arena,-84.39639,33.75722
2024-12-18,NBA,Atlanta Hawks,Detroit at Atlanta Hawks,State Farm Arena,-84.39639,33.75722
2024-12-23,NBA,Atlanta Hawks,Memphis at Atlanta Hawks,State Farm Arena,-84.39639,33.75722
2024-12-29,NBA,Atlanta Hawks,Sacramento at Atlanta Hawks,State Farm Arena,-84.39639,33.75722
2025-01-03,NBA,Atlanta Hawks,Oklahoma City at Atlanta Hawks,State Farm Arena,-84.39639,33.75722
2025-01-10,NBA,Atlanta Hawks,Philadelphia at Atlanta Hawks,State Farm Arena,-84.39639,33.75722
2025-01-12,NBA,Atlanta Hawks,Indiana at Atlanta Hawks,State Farm Arena,-84.39639,33.75722
2025-01-13,NBA,Atlanta Hawks,Washington at Atlanta Hawks,State Farm Arena,-84.39639,33.75722
2025-01-15,NBA,Atlanta Hawks,San Antonio at Atlanta Hawks,State Farm Arena,-84.39639,33.75722
2025-01-17,NBA,Atlanta Hawks,Orlando at Atlanta Hawks,State Farm Arena,-84.39639,33.75722
2025-01-20,NBA,Atlanta Hawks,Cleveland at Atlanta Hawks,State Farm Arena,-84.39639,33.75722
2025-01-26,NBA,Atlanta Hawks,Dallas at Atlanta Hawks,State Farm Arena,-84.39639,33.75722
2025-01-28,NBA,Atlanta Hawks,Toronto at Atlanta Hawks,State Farm Arena,-84.39639,33.75722
2025-01-30,NBA,Atlanta Hawks,Los Angeles at Atlanta Hawks,State Farm Arena,-84.39639,33.75722
2025-02-02,NBA,Atlanta Hawks,Phoenix at Atlanta Hawks,State Farm Arena,-84.39639,33.75722
2025-02-03,NBA,Atlanta Hawks,Golden State at Atlanta Hawks,State Farm Arena,-84.39639,33.75722
2025-02-05,NBA,Atlanta Hawks,LA at Atlanta Hawks,State Farm Arena,-84.39639,33.75722
2025-02-10,NBA,Atlanta Hawks,Houston at Atlanta Hawks,State Farm Arena,-84.39639,33.75722
2025-02-12,NBA,Atlanta Hawks,Chicago at Atlanta Hawks,State Farm Arena,-84.39639,33.75722
2025-02-22,MLS,Atlanta United FC,CF Montréal at Atlanta United FC,Mercedes-Benz Stadium,-84.401993,33.755489
2025-02-23,NBA,Atlanta Hawks,Toronto at Atlanta Hawks,State Farm Arena,-84.39639,33.75722
2025-02-23,MLB,Atlanta Braves,Tampa Bay Rays at Atlanta Braves,CoolToday Park,-82.319747,27.032414
2025-02-25,MLB,Atlanta Braves,Boston Red Sox at Atlanta Braves,CoolToday Park,-82.319747,27.032414
2025-02-25,NBA,Atlanta Hawks,Orlando at Atlanta Hawks,State Farm Arena,-84.39639,33.75722
2025-02-26,MLB,Atlanta Braves,Pittsburgh Pirates at Atlanta Braves,CoolToday Park,-82.319747,27.032414
2025-02-27,NBA,Atlanta Hawks,Utah at Atlanta Hawks,State Farm Arena,-84.39639,33.75722
2025-03-01,MLB,Atlanta Braves,Toronto Blue Jays at Atlanta Braves,CoolToday Park,-82.319747,27.032414
2025-03-02,MLB,Atlanta Braves,New York Yankees at Atlanta Braves,CoolToday Park,-82.319747,27.032414
2025-03-04,MLB,Atlanta Braves,Minnesota Twins at Atlanta Braves,CoolToday Park,-82.319747,27.032414
2025-03-06,NBA,Atlanta Hawks,Cleveland at Atlanta Hawks,State Farm Arena,-84.39639,33.75722
2025-03-06,MLB,Atlanta Braves,Miami Marlins at Atlanta Braves,CoolToday Park,-82.319747,27.032414
2025-03-08,MLB,Atlanta Braves,Pittsburgh Pirates at Atlanta Braves,CoolToday Park,-82.319747,27.032414
2025-03-09,MLS,Atlanta United FC,Orlando City SC at Atlanta United FC,Mercedes-Benz Stadium,-84.401993,33.755489
2025-03-10,MLB,Atlanta Braves,Tampa Bay Rays at Atlanta Braves,CoolToday Park,-82.319747,27.032414
2025-03-10,NBA,Atlanta Hawks,New Orleans at Atlanta Hawks,State Farm Arena,-84.39639,33.75722
2025-03-11,MLB,Atlanta Braves,Detroit Tigers at Atlanta Braves,CoolToday Park,-82.319747,27.032414
2025-03-14,MLB,Atlanta Braves,Washington Nationals at Atlanta Braves,CoolToday Park,-82.319747,27.032414
2025-03-15,MLB,Atlanta Braves,Minnesota Twins at Atlanta Braves,CoolToday Park,-82.319747,27.032414
2025-03-17,MLB,Atlanta Braves,Boston Red Sox at Atlanta Braves,CoolToday Park,-82.319747,27.032414
2025-03-20,MLB,Atlanta Braves,Philadelphia Phillies at Atlanta Braves,CoolToday Park,-82.319747,27.032414
2025-03-23,MLS,Atlanta United FC,Charlotte FC at Atlanta United FC,Mercedes-Benz Stadium,-84.401993,33.755489
2025-03-23,NBA,Atlanta Hawks,Charlotte at Atlanta Hawks,State Farm Arena,-84.39639,33.75722
2025-03-23,MLB,Atlanta Braves,Baltimore Orioles at Atlanta Braves,CoolToday Park,-82.319747,27.032414
2025-03-25,NBA,Atlanta Hawks,Boston at Atlanta Hawks,State Farm Arena,-84.39639,33.75722
2025-03-27,NBA,Atlanta Hawks,Portland at Atlanta Hawks,State Farm Arena,-84.39639,33.75722
2025-03-28,NBA,Atlanta Hawks,Boston at Atlanta Hawks,State Farm Arena,-84.39639,33.75722
2025-03-30,NBA,Atlanta Hawks,Milwaukee at Atlanta Hawks,State Farm Arena,-84.39639,33.75722
2025-04-03,NBA,Atlanta Hawks,Detroit at Atlanta Hawks,State Farm Arena,-84.39639,33.75722
2025-04-04,MLB,Atlanta Braves,Miami Marlins at Atlanta Braves,Truist Park,-84.468239,33.890781
2025-04-05,MLS,Atlanta United FC,Chicago Fire FC at Atlanta United FC,Mercedes-Benz Stadium,-84.401993,33.755489
2025-04-05,MLB,Atlanta Braves,Miami Marlins at Atlanta Braves,Truist Park,-84.468239,33.890781
2025-04-06,MLB,Atlanta Braves,Miami Marlins at Atlanta Braves,Truist Park,-84.468239,33.890781
2025-04-08,MLB,Atlanta Braves,Philadelphia Phillies at Atlanta Braves,Truist Park,-84.468239,33.890781
2025-04-09,NBA,Atlanta Hawks,Miami at Atlanta Hawks,State Farm Arena,-84.39639,33.75722
2025-04-09,MLB,Atlanta Braves,Philadelphia Phillies at Atlanta Braves,Truist Park,-84.468239,33.890781
2025-04-10,NBA,Atlanta Hawks,Charlotte at Atlanta Hawks,State Farm Arena,-84.39639,33.75722
2025-04-10,MLB,Atlanta Braves,Philadelphia Phillies at Atlanta Braves,Truist Park,-84.468239,33.890781
2025-04-18,MLB,Atlanta Braves,Minnesota Twins at Atlanta Braves,Truist Park,-84.468239,33.890781
2025-04-19,MLB,Atlanta Braves,Minnesota Twins at Atlanta Braves,Truist Park,-84.468239,33.890781
2025-04-20,MLB,Atlanta Braves,Minnesota Twins at Atlanta Braves,Truist Park,-84.468239,33.890781
2025-04-21,MLB,Atlanta Braves,St. Louis Cardinals at Atlanta Braves,Truist Park,-84.468239,33.890781
2025-04-22,MLB,Atlanta Braves,St. Louis Cardinals at Atlanta Braves,Truist Park,-84.468239,33.890781
2025-04-23,MLB,Atlanta Braves,St. Louis Cardinals at Atlanta Braves,Truist Park,-84.468239,33.890781
2025-05-02,MLB,Atlanta Braves,Los Angeles Dodgers at Atlanta Braves,Truist Park,-84.468239,33.890781
2025-05-03,MLB,Atlanta Braves,Los Angeles Dodgers at Atlanta Braves,Truist Park,-84.468239,33.890781
2025-05-03,MLS,Atlanta United FC,New York City FC at Atlanta United FC,Mercedes-Benz Stadium,-84.401993,33.755489
2025-05-04,MLB,Atlanta Braves,Los Angeles Dodgers at Atlanta Braves,Truist Park,-84.468239,33.890781
2025-05-05,MLB,Atlanta Braves,Cincinnati Reds at Atlanta Braves,Truist Park,-84.468239,33.890781
2025-05-06,MLB,Atlanta Braves,Cincinnati Reds at Atlanta Braves,Truist Park,-84.468239,33.890781
2025-05-07,MLB,Atlanta Braves,Cincinnati Reds at Atlanta Braves,Truist Park,-84.468239,33.890781
2025-05-08,MLB,Atlanta Braves,Cincinnati Reds at Atlanta Braves,Truist Park,-84.468239,33.890781
2025-05-12,MLB,Atlanta Braves,Washington Nationals at Atlanta Braves,Truist Park,-84.468239,33.890781
2025-05-13,MLB,Atlanta Braves,Washington Nationals at Atlanta Braves,Truist Park,-84.468239,33.890781
2025-05-14,MLB,Atlanta Braves,Washington Nationals at Atlanta Braves,Truist Park,-84.468239,33.890781
2025-05-15,MLB,Atlanta Braves,Washington Nationals at Atlanta Braves,Truist Park,-84.468239,33.890781
2025-05-17,MLS,Atlanta United FC,Philadelphia Union at Atlanta United FC,Mercedes-Benz Stadium,-84.401993,33.755489
2025-05-23,MLB,Atlanta Braves,San Diego Padres at Atlanta Braves,Truist Park,-84.468239,33.890781
2025-05-24,MLB,Atlanta Braves,San Diego Padres at Atlanta Braves,Truist Park,-84.468239,33.890781
2025-05-25,MLB,Atlanta Braves,San Diego Padres at Atlanta Braves,Truist Park,-84.468239,33.890781
2025-05-30,MLB,Atlanta Braves,Boston Red Sox at Atlanta Braves,Truist Park,-84.468239,33.890781
2025-05-31,MLB,Atlanta Braves,Boston Red Sox at Atlanta Braves,Truist Park,-84.468239,33.890781
2025-06-01,MLB,Atlanta Braves,Boston Red Sox at Atlanta Braves,Truist Park,-84.468239,33.890781
2025-06-03,MLB,Atlanta Braves,Arizona Diamondbacks at Atlanta Braves,Truist Park,-84.468239,33.890781
2025-06-04,MLB,Atlanta Braves,Arizona Diamondbacks at Atlanta Braves,Truist Park,-84.468239,33.890781
2025-06-05,MLB,Atlanta Braves,Arizona Diamondbacks at Atlanta Braves,Truist Park,-84.468239,33.890781
2025-06-12,MLS,Atlanta United FC,New York City FC at Atlanta United FC,Mercedes-Benz Stadium,-84.401993,33.755489
2025-06-13,MLB,Atlanta Braves,Colorado Rockies at Atlanta Braves,Truist Park,-84.468239,33.890781
2025-06-14,MLB,Atlanta Braves,Colorado Rockies at Atlanta Braves,Truist Park,-84.468239,33.890781
2025-06-15,MLB,Atlanta Braves,Colorado Rockies at Atlanta Braves,Truist Park,-84.468239,33.890781
2025-06-17,MLB,Atlanta Braves,New York Mets at Atlanta Braves,Truist Park,-84.468239,33.890781
2025-06-18,MLB,Atlanta Braves,New York Mets at Atlanta Braves,Truist Park,-84.468239,33.890781
2025-06-19,MLB,Atlanta Braves,New York Mets at Atlanta Braves,Truist Park,-84.468239,33.890781
2025-06-27,MLB,Atlanta Braves,Philadelphia Phillies at Atlanta Braves,Truist Park,-84.468239,33.890781
2025-06-28,MLB,Atlanta Braves,Philadelphia Phillies at Atlanta Braves,Truist Park,-84.468239,33.890781
2025-06-29,MLB,Atlanta Braves,Philadelphia Phillies at Atlanta Braves,Truist Park,-84.468239,33.890781
2025-07-01,MLB,Atlanta Braves,Los Angeles Angels at Atlanta Braves,Truist Park,-84.468239,33.890781
2025-07-02,MLB,Atlanta Braves,Los Angeles Angels at Atlanta Braves,Truist Park,-84.468239,33.890781
2025-07-03,MLB,Atlanta Braves,Los Angeles Angels at Atlanta Braves,Truist Park,-84.468239,33.890781
2025-07-04,MLB,Atlanta Braves,Baltimore Orioles at Atlanta Braves,Truist Park,-84.468239,33.890781
2025-07-05,MLB,Atlanta Braves,Baltimore Orioles at Atlanta Braves,Truist Park,-84.468239,33.890781
2025-07-06,MLB,Atlanta Braves,Baltimore Orioles at Atlanta Braves,Truist Park,-84.468239,33.890781
2025-07-18,MLB,Atlanta Braves,New York Yankees at Atlanta Braves,Truist Park,-84.468239,33.890781
2025-07-19,MLB,Atlanta Braves,New York Yankees at Atlanta Braves,Truist Park,-84.468239,33.890781
2025-07-20,MLB,Atlanta Braves,New York Yankees at Atlanta Braves,Truist Park,-84.468239,33.890781
2025-07-21,MLB,Atlanta Braves,San Francisco Giants at Atlanta Braves,Truist Park,-84.468239,33.890781
2025-07-22,MLB,Atlanta Braves,San Francisco Giants at Atlanta Braves,Truist Park,-84.468239,33.890781
2025-07-23,MLB,Atlanta Braves,San Francisco Giants at Atlanta Braves,Truist Park,-84.468239,33.890781
2025-08-04,MLB,Atlanta Braves,Milwaukee Brewers at Atlanta Braves,Truist Park,-84.468239,33.890781
2025-08-05,MLB,Atlanta Braves,Milwaukee Brewers at Atlanta Braves,Truist Park,-84.468239,33.890781
2025-08-06,MLB,Atlanta Braves,Milwaukee Brewers at Atlanta Braves,Truist Park,-84.468239,33.890781
2025-08-07,MLB,Atlanta Braves,Miami Marlins at Atlanta Braves,Truist Park,-84.468239,33.890781
2025-08-08,MLB,Atlanta Braves,Miami Marlins at Atlanta Braves,Truist Park,-84.468239,33.890781
2025-08-09,MLB,Atlanta Braves,Miami Marlins at Atlanta Braves,Truist Park,-84.468239,33.890781
2025-08-10,MLB,Atlanta Braves,Miami Marlins at Atlanta Braves,Truist Park,-84.468239,33.890781
2025-08-18,MLB,Atlanta Braves,Chicago White Sox at Atlanta Braves,Truist Park,-84.468239,33.890781
2025-08-19,MLB,Atlanta Braves,Chicago White Sox at Atlanta Braves,Truist Park,-84.468239,33.890781
2025-08-20,MLB,Atlanta Braves,Chicago White Sox at Atlanta Braves,Truist Park,-84.468239,33.890781
2025-08-22,MLB,Atlanta Braves,New York Mets at Atlanta Braves,Truist Park,-84.468239,33.890781
2025-08-23,MLB,Atlanta Braves,New York Mets at Atlanta Braves,Truist Park,-84.468239,33.890781
2025-08-24,MLB,Atlanta Braves,New York Mets at Atlanta Braves,Truist Park,-84.468239,33.890781
2025-09-05,MLB,Atlanta Braves,Seattle Mariners at Atlanta Braves,Truist Park,-84.468239,33.890781
2025-09-06,MLB,Atlanta Braves,Seattle Mariners at Atlanta Braves,Truist Park,-84.468239,33.890781
2025-09-07,MLB,Atlanta Braves,Seattle Mariners at Atlanta Braves,Truist Park,-84.468239,33.890781
2025-09-08,MLB,Atlanta Braves,Chicago Cubs at Atlanta Braves,Truist Park,-84.468239,33.890781
2025-09-09,MLB,Atlanta Braves,Chicago Cubs at Atlanta Braves,Truist Park,-84.468239,33.890781
2025-09-10,MLB,Atlanta Braves,Chicago Cubs at Atlanta Braves,Truist Park,-84.468239,33.890781
2025-09-12,MLB,Atlanta Braves,Houston Astros at Atlanta Braves,Truist Park,-84.468239,33.890781
2025-09-13,MLB,Atlanta Braves,Houston Astros at Atlanta Braves,Truist Park,-84.468239,33.890781
2025-09-14,MLB,Atlanta Braves,Houston Astros at Atlanta Braves,Truist Park,-84.468239,33.890781
2025-09-22,MLB,Atlanta Braves,Washington Nationals at Atlanta Braves,Truist Park,-84.468239,33.890781
2025-09-23,MLB,Atlanta Braves,Washington Nationals at Atlanta Braves,Truist Park,-84.468239,33.890781
2025-09-24,MLB,Atlanta Braves,Washington Nationals at Atlanta Braves,Truist Park,-84.468239,33.890781
2025-09-26,MLB,Atlanta Braves,Pittsburgh Pirates at Atlanta Braves,Truist Park,-84.468239,33.890781
2025-09-27,MLB,Atlanta Braves,Pittsburgh Pirates at Atlanta Braves,Truist Park,-84.468239,33.890781
2025-09-28,MLB,Atlanta Braves,Pittsburgh Pirates at Atlanta Braves,Truist Park,-84.468239,33.890781
2025-10-23,NBA,Atlanta Hawks,Brooklyn at Atlanta Hawks,State Farm Arena,-84.39639,33.75722
2025-10-25,NBA,Atlanta Hawks,Charlotte at Atlanta Hawks,State Farm Arena,-84.39639,33.75722
2025-10-28,NBA,Atlanta Hawks,Washington at Atlanta Hawks,State Farm Arena,-84.39639,33.75722
2025-11-01,NBA,Atlanta Hawks,Sacramento at Atlanta Hawks,State Farm Arena,-84.39639,33.75722
2025-11-04,NBA,Atlanta Hawks,Boston at Atlanta Hawks,State Farm Arena,-84.39639,33.75722
2025-11-06,NBA,Atlanta Hawks,New York at Atlanta Hawks,State Farm Arena,-84.39639,33.75722
2025-11-09,NBA,Atlanta Hawks,Chicago at Atlanta Hawks,State Farm Arena,-84.39639,33.75722
2025-11-15,NBA,Atlanta Hawks,Washington at Atlanta Hawks,State Farm Arena,-84.39639,33.75722
2025-11-25,NBA,Atlanta Hawks,Dallas at Atlanta Hawks,State Farm Arena,-84.39639,33.75722
2025-11-29,NBA,Atlanta Hawks,Cleveland at Atlanta Hawks,State Farm Arena,-84.39639,33.75722
2025-12-02,NBA,Atlanta Hawks,New Orleans at Atlanta Hawks,State Farm Arena,-84.39639,33.75722
2025-12-06,NBA,Atlanta Hawks,Los Angeles at Atlanta Hawks,State Farm Arena,-84.39639,33.75722
2025-12-08,NBA,Atlanta Hawks,Denver at Atlanta Hawks,State Farm Arena,-84.39639,33.75722
2025-12-14,NBA,Atlanta Hawks,Milwaukee* at Atlanta Hawks,State Farm Arena,-84.39639,33.75722
2025-12-21,NBA,Atlanta Hawks,Memphis at Atlanta Hawks,State Farm Arena,-84.39639,33.75722
2025-12-23,NBA,Atlanta Hawks,Minnesota at Atlanta Hawks,State Farm Arena,-84.39639,33.75722
2025-12-26,NBA,Atlanta Hawks,Chicago at Atlanta Hawks,State Farm Arena,-84.39639,33.75722
2025-12-28,NBA,Atlanta Hawks,Miami at Atlanta Hawks,State Farm Arena,-84.39639,33.75722
2026-01-11,NBA,Atlanta Hawks,Houston at Atlanta Hawks,State Farm Arena,-84.39639,33.75722
2026-01-14,NBA,Atlanta Hawks,Phoenix at Atlanta Hawks,State Farm Arena,-84.39639,33.75722
2026-01-22,NBA,Atlanta Hawks,Detroit at Atlanta Hawks,State Farm Arena,-84.39639,33.75722
2026-01-23,NBA,Atlanta Hawks,Toronto at Atlanta Hawks,State Farm Arena,-84.39639,33.75722
2026-01-25,NBA,Atlanta Hawks,Toronto at Atlanta Hawks,State Farm Arena,-84.39639,33.75722
2026-01-28,NBA,Atlanta Hawks,Houston at Atlanta Hawks,State Farm Arena,-84.39639,33.75722
2026-02-05,NBA,Atlanta Hawks,San Antonio at Atlanta Hawks,State Farm Arena,-84.39639,33.75722
2026-02-07,NBA,Atlanta Hawks,Milwaukee at Atlanta Hawks,State Farm Arena,-84.39639,33.75722
2026-02-20,NBA,Atlanta Hawks,Orlando at Atlanta Hawks,State Farm Arena,-84.39639,33.75722
2026-02-22,MLB,Atlanta Braves,Minnesota Twins at Atlanta Braves,CoolToday Park,-82.319747,27.032414
2026-02-23,NBA,Atlanta Hawks,Detroit at Atlanta Hawks,State Farm Arena,-84.39639,33.75722
2026-02-24,MLB,Atlanta Braves,Detroit Tigers at Atlanta Braves,CoolToday Park,-82.319747,27.032414
2026-02-24,NBA,Atlanta Hawks,Miami at Atlanta Hawks,State Farm Arena,-84.39639,33.75722
2026-02-25,MLB,Atlanta Braves,Pittsburgh Pirates at Atlanta Braves,CoolToday Park,-82.319747,27.032414
2026-02-27,MLB,Atlanta Braves,Boston Red Sox at Atlanta Braves,CoolToday Park,-82.319747,27.032414
2026-02-28,NBA,Atlanta Hawks,Oklahoma City at Atlanta Hawks,State Farm Arena,-84.39639,33.75722
2026-03-01,MLB,Atlanta Braves,Tampa Bay Rays at Atlanta Braves,CoolToday Park,-82.319747,27.032414
2026-03-04,NBA,Atlanta Hawks,Milwaukee at Atlanta Hawks,State Farm Arena,-84.39639,33.75722
2026-03-04,MLB,Atlanta Braves,Colombia at Atlanta Braves,CoolToday Park,-82.319747,27.032414
2026-03-05,MLB,Atlanta Braves,Toronto Blue Jays at Atlanta Braves,CoolToday Park,-82.319747,27.032414
2026-03-06,NBA,Atlanta Hawks,Indiana at Atlanta Hawks,State Farm Arena,-84.39639,33.75722
2026-03-07,MLB,Atlanta Braves,Baltimore Orioles at Atlanta Braves,CoolToday Park,-82.319747,27.032414
2026-03-08,NBA,Atlanta Hawks,Indiana at Atlanta Hawks,State Farm Arena,-84.39639,33.75722
2026-03-09,MLB,Atlanta Braves,Minnesota Twins at Atlanta Braves,CoolToday Park,-82.319747,27.032414
2026-03-10,NBA,Atlanta Hawks,Philadelphia at Atlanta Hawks,State Farm Arena,-84.39639,33.75722
2026-03-11,MLB,Atlanta Braves,Tampa Bay Rays at Atlanta Braves,CoolToday Park,-82.319747,27.032414
2026-03-12,NBA,Atlanta Hawks,Charlotte at Atlanta Hawks,State Farm Arena,-84.39639,33.75722
2026-03-13,MLB,Atlanta Braves,New York Yankees at Atlanta Braves,CoolToday Park,-82.319747,27.032414
2026-03-14,NBA,Atlanta Hawks,LA at Atlanta Hawks,State Farm Arena,-84.39639,33.75722
2026-03-14,MLB,Atlanta Braves,Boston Red Sox at Atlanta Braves,CoolToday Park,-82.319747,27.032414
2026-03-16,MLB,Atlanta Braves,Tampa Bay Rays at Atlanta Braves,CoolToday Park,-82.319747,27.032414
2026-03-18,MLB,Atlanta Braves,Philadelphia Phillies at Atlanta Braves,CoolToday Park,-82.319747,27.032414
2026-03-20,MLB,Atlanta Braves,Pittsburgh Pirates at Atlanta Braves,CoolToday Park,-82.319747,27.032414
2026-03-22,NBA,Atlanta Hawks,Golden State at Atlanta Hawks,State Farm Arena,-84.39639,33.75722
2026-03-23,NBA,Atlanta Hawks,Philadelphia at Atlanta Hawks,State Farm Arena,-84.39639,33.75722
2026-03-24,MLB,Atlanta Braves,Tampa Bay Rays at Atlanta Braves,CoolToday Park,-82.319747,27.032414
2026-03-26,MLB,Atlanta Braves,Kansas City Royals at Atlanta Braves,Truist Park,-84.468239,33.890781
2026-03-28,MLB,Atlanta Braves,Kansas City Royals at Atlanta Braves,Truist Park,-84.468239,33.890781
2026-03-29,MLB,Atlanta Braves,Kansas City Royals at Atlanta Braves,Truist Park,-84.468239,33.890781
2026-03-30,MLB,Atlanta Braves,Athletics at Atlanta Braves,Truist Park,-84.468239,33.890781
2026-03-31,MLB,Atlanta Braves,Athletics at Atlanta Braves,Truist Park,-84.468239,33.890781
2026-04-01,MLB,Atlanta Braves,Athletics at Atlanta Braves,Truist Park,-84.468239,33.890781
2026-04-01,NBA,Atlanta Hawks,Portland at Atlanta Hawks,State Farm Arena,-84.39639,33.75722
2026-04-05,NBA,Atlanta Hawks,New York at Atlanta Hawks,State Farm Arena,-84.39639,33.75722
2026-04-06,NBA,Atlanta Hawks,Utah at Atlanta Hawks,State Farm Arena,-84.39639,33.75722
2026-04-10,MLB,Atlanta Braves,Cleveland Guardians at Atlanta Braves,Truist Park,-84.468239,33.890781
2026-04-11,MLB,Atlanta Braves,Cleveland Guardians at Atlanta Braves,Truist Park,-84.468239,33.890781
2026-04-12,MLB,Atlanta Braves,Cleveland Guardians at Atlanta Braves,Truist Park,-84.468239,33.890781
2026-04-13,NBA,Atlanta Hawks,Orlando at Atlanta Hawks,State Farm Arena,-84.39639,33.75722
2026-04-13,MLB,Atlanta Braves,Miami Marlins at Atlanta Braves,Truist Park,-84.468239,33.890781
2026-04-14,MLB,Atlanta Braves,Miami Marlins at Atlanta Braves,Truist Park,-84.468239,33.890781
2026-04-15,MLB,Atlanta Braves,Miami Marlins at Atlanta Braves,Truist Park,-84.468239,33.890781
2026-04-18,NBA,Atlanta Hawks,Miami at Atlanta Hawks,State Farm Arena,-84.39639,33.75722
2026-04-24,MLB,Atlanta Braves,Philadelphia Phillies at Atlanta Braves,Truist Park,-84.468239,33.890781
2026-04-25,MLB,Atlanta Braves,Philadelphia Phillies at Atlanta Braves,Truist Park,-84.468239,33.890781
2026-04-26,MLB,Atlanta Braves,Philadelphia Phillies at Atlanta Braves,Truist Park,-84.468239,33.890781
2026-04-28,MLB,Atlanta Braves,Detroit Tigers at Atlanta Braves,Truist Park,-84.468239,33.890781
2026-04-29,MLB,Atlanta Braves,Detroit Tigers at Atlanta Braves,Truist Park,-84.468239,33.890781
2026-04-30,MLB,Atlanta Braves,Detroit Tigers at Atlanta Braves,Truist Park,-84.468239,33.890781
2026-05-12,MLB,Atlanta Braves,Chicago Cubs at Atlanta Braves,Truist Park,-84.468239,33.890781
2026-05-13,MLB,Atlanta Braves,Chicago Cubs at Atlanta Braves,Truist Park,-84.468239,33.890781
2026-05-14,MLB,Atlanta Braves,Chicago Cubs at Atlanta Braves,Truist Park,-84.468239,33.890781
2026-05-15,MLB,Atlanta Braves,Boston Red Sox at Atlanta Braves,Truist Park,-84.468239,33.890781
2026-05-16,MLB,Atlanta Braves,Boston Red Sox at Atlanta Braves,Truist Park,-84.468239,33.890781
2026-05-17,MLB,Atlanta Braves,Boston Red Sox at Atlanta Braves,Truist Park,-84.468239,33.890781
2026-05-22,MLB,Atlanta Braves,Washington Nationals at Atlanta Braves,Truist Park,-84.468239,33.890781
2026-05-23,MLB,Atlanta Braves,Washington Nationals at Atlanta Braves,Truist Park,-84.468239,33.890781
2026-05-24,MLB,Atlanta Braves,Washington Nationals at Atlanta Braves,Truist Park,-84.468239,33.890781
2026-06-02,MLB,Atlanta Braves,Toronto Blue Jays at Atlanta Braves,Truist Park,-84.468239,33.890781
2026-06-03,MLB,Atlanta Braves,Toronto Blue Jays at Atlanta Braves,Truist Park,-84.468239,33.890781
2026-06-04,MLB,Atlanta Braves,Toronto Blue Jays at Atlanta Braves,Truist Park,-84.468239,33.890781
2026-06-05,MLB,Atlanta Braves,Pittsburgh Pirates at Atlanta Braves,Truist Park,-84.468239,33.890781
2026-06-06,MLB,Atlanta Braves,Pittsburgh Pirates at Atlanta Braves,Truist Park,-84.468239,33.890781
2026-06-07,MLB,Atlanta Braves,Pittsburgh Pirates at Atlanta Braves,Truist Park,-84.468239,33.890781
