gamePk,event_name,game_date,home_team,away_team,venue_name,venue_id
717807,Washington Nationals at Atlanta Braves,2023-06-11,Atlanta Braves,Washington Nationals,Truist Park,4705
717754,Colorado Rockies at Atlanta Braves,2023-06-15,Atlanta Braves,Colorado Rockies,Truist Park,4705
717745,Colorado Rockies at Atlanta Braves,2023-06-16,Atlanta Braves,Colorado Rockies,Truist Park,4705
717724,Colorado Rockies at Atlanta Braves,2023-06-17,Atlanta Braves,Colorado Rockies,Truist Park,4705
717716,Colorado Rockies at Atlanta Braves,2023-06-18,Atlanta Braves,Colorado Rockies,Truist Park,4705
717609,Minnesota Twins at Atlanta Braves,2023-06-26,Atlanta Braves,Minnesota Twins,Truist Park,4705
717600,Minnesota Twins at Atlanta Braves,2023-06-27,Atlanta Braves,Minnesota Twins,Truist Park,4705
717588,Minnesota Twins at Atlanta Braves,2023-06-28,Atlanta Braves,Minnesota Twins,Truist Park,4705
717558,Miami Marlins at Atlanta Braves,2023-06-30,Atlanta Braves,Miami Marlins,Truist Park,4705
717536,Miami Marlins at Atlanta Braves,2023-07-01,Atlanta Braves,Miami Marlins,Truist Park,4705
717532,Miami Marlins at Atlanta Braves,2023-07-02,Atlanta Braves,Miami Marlins,Truist Park,4705
717414,Chicago White Sox at Atlanta Braves,2023-07-14,Atlanta Braves,Chicago White Sox,Truist Park,4705
717395,Chicago White Sox at Atlanta Braves,2023-07-15,Atlanta Braves,Chicago White Sox,Truist Park,4705
717391,Chicago White Sox at Atlanta Braves,2023-07-16,Atlanta Braves,Chicago White Sox,Truist Park,4705
717358,Arizona Diamondbacks at Atlanta Braves,2023-07-18,Atlanta Braves,Arizona Diamondbacks,Truist Park,4705
717340,Arizona Diamondbacks at Atlanta Braves,2023-07-19,Atlanta Braves,Arizona Diamondbacks,Truist Park,4705
717337,Arizona Diamondbacks at Atlanta Braves,2023-07-20,Atlanta Braves,Arizona Diamondbacks,Truist Park,4705
717231,Milwaukee Brewers at Atlanta Braves,2023-07-28,Atlanta Braves,Milwaukee Brewers,Truist Park,4705
717211,Milwaukee Brewers at Atlanta Braves,2023-07-29,Atlanta Braves,Milwaukee Brewers,Truist Park,4705
717206,Milwaukee Brewers at Atlanta Braves,2023-07-30,Atlanta Braves,Milwaukee Brewers,Truist Park,4705
717187,Los Angeles Angels at Atlanta Braves,2023-07-31,Atlanta Braves,Los Angeles Angels,Truist Park,4705
717176,Los Angeles Angels at Atlanta Braves,2023-08-01,Atlanta Braves,Los Angeles Angels,Truist Park,4705
717165,Los Angeles Angels at Atlanta Braves,2023-08-02,Atlanta Braves,Los Angeles Angels,Truist Park,4705
717001,New York Yankees at Atlanta Braves,2023-08-14,Atlanta Braves,New York Yankees,Truist Park,4705
716987,New York Yankees at Atlanta Braves,2023-08-15,Atlanta Braves,New York Yankees,Truist Park,4705
716970,New York Yankees at Atlanta Braves,2023-08-16,Atlanta Braves,New York Yankees,Truist Park,4705
716949,San Francisco Giants at Atlanta Braves,2023-08-18,Atlanta Braves,San Francisco Giants,Truist Park,4705
716934,San Francisco Giants at Atlanta Braves,2023-08-19,Atlanta Braves,San Francisco Giants,Truist Park,4705
716927,San Francisco Giants at Atlanta Braves,2023-08-20,Atlanta Braves,San Francisco Giants,Truist Park,4705
716910,New York Mets at Atlanta Braves,2023-08-21,Atlanta Braves,New York Mets,Truist Park,4705
716891,New York Mets at Atlanta Braves,2023-08-22,Atlanta Braves,New York Mets,Truist Park,4705
716876,New York Mets at Atlanta Braves,2023-08-23,Atlanta Braves,New York Mets,Truist Park,4705
716709,St. Louis Cardinals at Atlanta Braves,2023-09-05,Atlanta Braves,St. Louis Cardinals,Truist Park,4705
716689,St. Louis Cardinals at Atlanta Braves,2023-09-06,Atlanta Braves,St. Louis Cardinals,Truist Park,4705
716680,St. Louis Cardinals at Atlanta Braves,2023-09-07,Atlanta Braves,St. Louis Cardinals,Truist Park,4705
716674,Pittsburgh Pirates at Atlanta Braves,2023-09-08,Atlanta Braves,Pittsburgh Pirates,Truist Park,4705
716651,Pittsburgh Pirates at Atlanta Braves,2023-09-09,Atlanta Braves,Pittsburgh Pirates,Truist Park,4705
716644,Pittsburgh Pirates at Atlanta Braves,2023-09-10,Atlanta Braves,Pittsburgh Pirates,Truist Park,4705
716532,Philadelphia Phillies at Atlanta Braves,2023-09-18,Atlanta Braves,Philadelphia Phillies,Truist Park,4705
716521,Philadelphia Phillies at Atlanta Braves,2023-09-19,Atlanta Braves,Philadelphia Phillies,Truist Park,4705
716509,Philadelphia Phillies at Atlanta Braves,2023-09-20,Atlanta Braves,Philadelphia Phillies,Truist Park,4705
716429,Chicago Cubs at Atlanta Braves,2023-09-26,Atlanta Braves,Chicago Cubs,Truist Park,4705
716412,Chicago Cubs at Atlanta Braves,2023-09-27,Atlanta Braves,Chicago Cubs,Truist Park,4705
716399,Chicago Cubs at Atlanta Braves,2023-09-28,Atlanta Braves,Chicago Cubs,Truist Park,4705
716394,Washington Nationals at Atlanta Braves,2023-09-29,Atlanta Braves,Washington Nationals,Truist Park,4705
716369,Washington Nationals at Atlanta Braves,2023-09-30,Atlanta Braves,Washington Nationals,Truist Park,4705
716354,Washington Nationals at Atlanta Braves,2023-10-01,Atlanta Braves,Washington Nationals,Truist Park,4705
748562,Philadelphia Phillies at Atlanta Braves,2023-10-07,Atlanta Braves,Philadelphia Phillies,Truist Park,4705
748563,Philadelphia Phillies at Atlanta Braves,2023-10-09,Atlanta Braves,Philadelphia Phillies,Truist Park,4705
748244,Boston Red Sox at Atlanta Braves,2024-02-25,Atlanta Braves,Boston Red Sox,CoolToday Park,5380
748228,Baltimore Orioles at Atlanta Braves,2024-02-26,Atlanta Braves,Baltimore Orioles,CoolToday Park,5380
748178,Minnesota Twins at Atlanta Braves,2024-02-29,Atlanta Braves,Minnesota Twins,CoolToday Park,5380
748166,Baltimore Orioles at Atlanta Braves,2024-03-01,Atlanta Braves,Baltimore Orioles,CoolToday Park,5380
748127,Philadelphia Phillies at Atlanta Braves,2024-03-03,Atlanta Braves,Philadelphia Phillies,CoolToday Park,5380
748103,Detroit Tigers at Atlanta Braves,2024-03-05,Atlanta Braves,Detroit Tigers,CoolToday Park,5380
748064,Pittsburgh Pirates at Atlanta Braves,2024-03-08,Atlanta Braves,Pittsburgh Pirates,CoolToday Park,5380
748055,Baltimore Orioles at Atlanta Braves,2024-03-09,Atlanta Braves,Baltimore Orioles,CoolToday Park,5380
748014,Minnesota Twins at Atlanta Braves,2024-03-11,Atlanta Braves,Minnesota Twins,CoolToday Park,5380
747971,Tampa Bay Rays at Atlanta Braves,2024-03-14,Atlanta Braves,Tampa Bay Rays,CoolToday Park,5380
747946,Pittsburgh Pirates at Atlanta Braves,2024-03-16,Atlanta Braves,Pittsburgh Pirates,CoolToday Park,5380
747929,Boston Red Sox at Atlanta Braves,2024-03-17,Atlanta Braves,Boston Red Sox,CoolToday Park,5380
747885,Toronto Blue Jays at Atlanta Braves,2024-03-20,Atlanta Braves,Toronto Blue Jays,CoolToday Park,5380
747870,New York Yankees at Atlanta Braves,2024-03-21,Atlanta Braves,New York Yankees,CoolToday Park,5380
747842,Tampa Bay Rays at Atlanta Braves,2024-03-23,Atlanta Braves,Tampa Bay Rays,CoolToday Park,5380
747813,Minnesota Twins at Atlanta Braves,2024-03-25,Atlanta Braves,Minnesota Twins,CoolToday Park,5380
747143,Arizona Diamondbacks at Atlanta Braves,2024-04-05,Atlanta Braves,Arizona Diamondbacks,Truist Park,4705
747140,Arizona Diamondbacks at Atlanta Braves,2024-04-06,Atlanta Braves,Arizona Diamondbacks,Truist Park,4705
747141,Arizona Diamondbacks at Atlanta Braves,2024-04-07,Atlanta Braves,Arizona Diamondbacks,Truist Park,4705
747142,New York Mets at Atlanta Braves,2024-04-08,Atlanta Braves,New York Mets,Truist Park,4705
747138,New York Mets at Atlanta Braves,2024-04-09,Atlanta Braves,New York Mets,Truist Park,4705
747139,New York Mets at Atlanta Braves,2024-04-10,Atlanta Braves,New York Mets,Truist Park,4705
747137,New York Mets at Atlanta Braves,2024-04-11,Atlanta Braves,New York Mets,Truist Park,4705
747136,Texas Rangers at Atlanta Braves,2024-04-19,Atlanta Braves,Texas Rangers,Truist Park,4705
747135,Texas Rangers at Atlanta Braves,2024-04-20,Atlanta Braves,Texas Rangers,Truist Park,4705
747133,Texas Rangers at Atlanta Braves,2024-04-21,Atlanta Braves,Texas Rangers,Truist Park,4705
747134,Miami Marlins at Atlanta Braves,2024-04-22,Atlanta Braves,Miami Marlins,Truist Park,4705
747130,Miami Marlins at Atlanta Braves,2024-04-23,Atlanta Braves,Miami Marlins,Truist Park,4705
747132,Miami Marlins at Atlanta Braves,2024-04-24,Atlanta Braves,Miami Marlins,Truist Park,4705
747129,Cleveland Guardians at Atlanta Braves,2024-04-26,Atlanta Braves,Cleveland Guardians,Truist Park,4705
747131,Cleveland Guardians at Atlanta Braves,2024-04-27,Atlanta Braves,Cleveland Guardians,Truist Park,4705
747125,Cleveland Guardians at Atlanta Braves,2024-04-28,Atlanta Braves,Cleveland Guardians,Truist Park,4705
747126,Boston Red Sox at Atlanta Braves,2024-05-07,Atlanta Braves,Boston Red Sox,Truist Park,4705
747127,Boston Red Sox at Atlanta Braves,2024-05-08,Atlanta Braves,Boston Red Sox,Truist Park,4705
747128,Chicago Cubs at Atlanta Braves,2024-05-13,Atlanta Braves,Chicago Cubs,Truist Park,4705
747124,Chicago Cubs at Atlanta Braves,2024-05-14,Atlanta Braves,Chicago Cubs,Truist Park,4705
747123,Chicago Cubs at Atlanta Braves,2024-05-15,Atlanta Braves,Chicago Cubs,Truist Park,4705
747122,San Diego Padres at Atlanta Braves,2024-05-17,Atlanta Braves,San Diego Padres,Truist Park,4705
747121,San Diego Padres at Atlanta Braves,2024-05-18,Atlanta Braves,San Diego Padres,Truist Park,4705
747120,San Diego Padres at Atlanta Braves,2024-05-19,Atlanta Braves,San Diego Padres,Truist Park,4705
747119,San Diego Padres at Atlanta Braves,2024-05-20,Atlanta Braves,San Diego Padres,Truist Park,4705
747118,Washington Nationals at Atlanta Braves,2024-05-27,Atlanta Braves,Washington Nationals,Truist Park,4705
747115,Washington Nationals at Atlanta Braves,2024-05-28,Atlanta Braves,Washington Nationals,Truist Park,4705
747117,Washington Nationals at Atlanta Braves,2024-05-29,Atlanta Braves,Washington Nationals,Truist Park,4705
747114,Washington Nationals at Atlanta Braves,2024-05-30,Atlanta Braves,Washington Nationals,Truist Park,4705
747116,Oakland Athletics at Atlanta Braves,2024-05-31,Atlanta Braves,Oakland Athletics,Truist Park,4705
747111,Oakland Athletics at Atlanta Braves,2024-06-01,Atlanta Braves,Oakland Athletics,Truist Park,4705
747110,Oakland Athletics at Atlanta Braves,2024-06-02,Atlanta Braves,Oakland Athletics,Truist Park,4705
747112,Tampa Bay Rays at Atlanta Braves,2024-06-14,Atlanta Braves,Tampa Bay Rays,Truist Park,4705
747113,Tampa Bay Rays at Atlanta Braves,2024-06-15,Atlanta Braves,Tampa Bay Rays,Truist Park,4705
747109,Tampa Bay Rays at Atlanta Braves,2024-06-16,Atlanta Braves,Tampa Bay Rays,Truist Park,4705
747108,Detroit Tigers at Atlanta Braves,2024-06-17,Atlanta Braves,Detroit Tigers,Truist Park,4705
747107,Detroit Tigers at Atlanta Braves,2024-06-18,Atlanta Braves,Detroit Tigers,Truist Park,4705
747106,Detroit Tigers at Atlanta Braves,2024-06-19,Atlanta Braves,Detroit Tigers,Truist Park,4705
747105,Pittsburgh Pirates at Atlanta Braves,2024-06-28,Atlanta Braves,Pittsburgh Pirates,Truist Park,4705
747104,Pittsburgh Pirates at Atlanta Braves,2024-06-29,Atlanta Braves,Pittsburgh Pirates,Truist Park,4705
747101,Pittsburgh Pirates at Atlanta Braves,2024-06-30,Atlanta Braves,Pittsburgh Pirates,Truist Park,4705
747102,San Francisco Giants at Atlanta Braves,2024-07-02,Atlanta Braves,San Francisco Giants,Truist Park,4705
747100,San Francisco Giants at Atlanta Braves,2024-07-03,Atlanta Braves,San Francisco Giants,Truist Park,4705
747103,San Francisco Giants at Atlanta Braves,2024-07-04,Atlanta Braves,San Francisco Giants,Truist Park,4705
747097,Philadelphia Phillies at Atlanta Braves,2024-07-05,Atlanta Braves,Philadelphia Phillies,Truist Park,4705
747099,Philadelphia Phillies at Atlanta Braves,2024-07-06,Atlanta Braves,Philadelphia Phillies,Truist Park,4705
747098,Philadelphia Phillies at Atlanta Braves,2024-07-07,Atlanta Braves,Philadelphia Phillies,Truist Park,4705
747093,St. Louis Cardinals at Atlanta Braves,2024-07-19,Atlanta Braves,St. Louis Cardinals,Truist Park,4705
747096,St. Louis Cardinals at Atlanta Braves,2024-07-20,Atlanta Braves,St. Louis Cardinals,Truist Park,4705
747094,St. Louis Cardinals at Atlanta Braves,2024-07-21,Atlanta Braves,St. Louis Cardinals,Truist Park,4705
747095,Cincinnati Reds at Atlanta Braves,2024-07-22,Atlanta Braves,Cincinnati Reds,Truist Park,4705
747090,Cincinnati Reds at Atlanta Braves,2024-07-23,Atlanta Braves,Cincinnati Reds,Truist Park,4705
747091,Cincinnati Reds at Atlanta Braves,2024-07-24,Atlanta Braves,Cincinnati Reds,Truist Park,4705
747092,Miami Marlins at Atlanta Braves,2024-08-01,Atlanta Braves,Miami Marlins,Truist Park,4705
747089,Miami Marlins at Atlanta Braves,2024-08-02,Atlanta Braves,Miami Marlins,Truist Park,4705
747087,Miami Marlins at Atlanta Braves,2024-08-03,Atlanta Braves,Miami Marlins,Truist Park,4705
747088,Miami Marlins at Atlanta Braves,2024-08-04,Atlanta Braves,Miami Marlins,Truist Park,4705
747086,Milwaukee Brewers at Atlanta Braves,2024-08-06,Atlanta Braves,Milwaukee Brewers,Truist Park,4705
747085,Milwaukee Brewers at Atlanta Braves,2024-08-07,Atlanta Braves,Milwaukee Brewers,Truist Park,4705
747081,Milwaukee Brewers at Atlanta Braves,2024-08-08,Atlanta Braves,Milwaukee Brewers,Truist Park,4705
747083,Philadelphia Phillies at Atlanta Braves,2024-08-20,Atlanta Braves,Philadelphia Phillies,Truist Park,4705
747084,Philadelphia Phillies at Atlanta Braves,2024-08-21,Atlanta Braves,Philadelphia Phillies,Truist Park,4705
747082,Philadelphia Phillies at Atlanta Braves,2024-08-22,Atlanta Braves,Philadelphia Phillies,Truist Park,4705
747080,Washington Nationals at Atlanta Braves,2024-08-23,Atlanta Braves,Washington Nationals,Truist Park,4705
747077,Washington Nationals at Atlanta Braves,2024-08-24,Atlanta Braves,Washington Nationals,Truist Park,4705
747078,Washington Nationals at Atlanta Braves,2024-08-25,Atlanta Braves,Washington Nationals,Truist Park,4705
747079,Colorado Rockies at Atlanta Braves,2024-09-03,Atlanta Braves,Colorado Rockies,Truist Park,4705
747075,Colorado Rockies at Atlanta Braves,2024-09-04,Atlanta Braves,Colorado Rockies,Truist Park,4705
747073,Colorado Rockies at Atlanta Braves,2024-09-05,Atlanta Braves,Colorado Rockies,Truist Park,4705
747074,Toronto Blue Jays at Atlanta Braves,2024-09-06,Atlanta Braves,Toronto Blue Jays,Truist Park,4705
747076,Toronto Blue Jays at Atlanta Braves,2024-09-07,Atlanta Braves,Toronto Blue Jays,Truist Park,4705
747072,Toronto Blue Jays at Atlanta Braves,2024-09-08,Atlanta Braves,Toronto Blue Jays,Truist Park,4705
747069,Los Angeles Dodgers at Atlanta Braves,2024-09-13,Atlanta Braves,Los Angeles Dodgers,Truist Park,4705
747070,Los Angeles Dodgers at Atlanta Braves,2024-09-14,Atlanta Braves,Los Angeles Dodgers,Truist Park,4705
747071,Los Angeles Dodgers at Atlanta Braves,2024-09-15,Atlanta Braves,Los Angeles Dodgers,Truist Park,4705
747067,Los Angeles Dodgers at Atlanta Braves,2024-09-16,Atlanta Braves,Los Angeles Dodgers,Truist Park,4705
747068,New York Mets at Atlanta Braves,2024-09-24,Atlanta Braves,New York Mets,Truist Park,4705
747064,New York Mets at Atlanta Braves,2024-09-25,Atlanta Braves,New York Mets,Truist Park,4705
747065,Kansas City Royals at Atlanta Braves,2024-09-27,Atlanta Braves,Kansas City Royals,Truist Park,4705
747066,Kansas City Royals at Atlanta Braves,2024-09-28,Atlanta Braves,Kansas City Royals,Truist Park,4705
747061,Kansas City Royals at Atlanta Braves,2024-09-29,Atlanta Braves,Kansas City Royals,Truist Park,4705
778705,Tampa Bay Rays at Atlanta Braves,2025-02-23,Atlanta Braves,Tampa Bay Rays,CoolToday Park,5380
778703,Boston Red Sox at Atlanta Braves,2025-02-25,Atlanta Braves,Boston Red Sox,CoolToday Park,5380
778707,Pittsburgh Pirates at Atlanta Braves,2025-02-26,Atlanta Braves,Pittsburgh Pirates,CoolToday Park,5380
778704,Toronto Blue Jays at Atlanta Braves,2025-03-01,Atlanta Braves,Toronto Blue Jays,CoolToday Park,5380
778706,New York Yankees at Atlanta Braves,2025-03-02,Atlanta Braves,New York Yankees,CoolToday Park,5380
778708,Minnesota Twins at Atlanta Braves,2025-03-04,Atlanta Braves,Minnesota Twins,CoolToday Park,5380
778699,Miami Marlins at Atlanta Braves,2025-03-06,Atlanta Braves,Miami Marlins,CoolToday Park,5380
778697,Pittsburgh Pirates at Atlanta Braves,2025-03-08,Atlanta Braves,Pittsburgh Pirates,CoolToday Park,5380
778702,Tampa Bay Rays at Atlanta Braves,2025-03-10,Atlanta Braves,Tampa Bay Rays,CoolToday Park,5380
778700,Detroit Tigers at Atlanta Braves,2025-03-11,Atlanta Braves,Detroit Tigers,CoolToday Park,5380
778701,Washington Nationals at Atlanta Braves,2025-03-14,Atlanta Braves,Washington Nationals,CoolToday Park,5380
778698,Minnesota Twins at Atlanta Braves,2025-03-15,Atlanta Braves,Minnesota Twins,CoolToday Park,5380
778696,Boston Red Sox at Atlanta Braves,2025-03-17,Atlanta Braves,Boston Red Sox,CoolToday Park,5380
778694,Philadelphia Phillies at Atlanta Braves,2025-03-20,Atlanta Braves,Philadelphia Phillies,CoolToday Park,5380
778693,Baltimore Orioles at Atlanta Braves,2025-03-23,Atlanta Braves,Baltimore Orioles,CoolToday Park,5380
778464,Miami Marlins at Atlanta Braves,2025-04-04,Atlanta Braves,Miami Marlins,Truist Park,4705
778451,Miami Marlins at Atlanta Braves,2025-04-05,Atlanta Braves,Miami Marlins,Truist Park,4705
778431,Miami Marlins at Atlanta Braves,2025-04-06,Atlanta Braves,Miami Marlins,Truist Park,4705
778406,Philadelphia Phillies at Atlanta Braves,2025-04-08,Atlanta Braves,Philadelphia Phillies,Truist Park,4705
778393,Philadelphia Phillies at Atlanta Braves,2025-04-09,Atlanta Braves,Philadelphia Phillies,Truist Park,4705
778384,Philadelphia Phillies at Atlanta Braves,2025-04-10,Atlanta Braves,Philadelphia Phillies,Truist Park,4705
778284,Minnesota Twins at Atlanta Braves,2025-04-18,Atlanta Braves,Minnesota Twins,Truist Park,4705
778267,Minnesota Twins at Atlanta Braves,2025-04-19,Atlanta Braves,Minnesota Twins,Truist Park,4705
778249,Minnesota Twins at Atlanta Braves,2025-04-20,Atlanta Braves,Minnesota Twins,Truist Park,4705
778233,St. Louis Cardinals at Atlanta Braves,2025-04-21,Atlanta Braves,St. Louis Cardinals,Truist Park,4705
778229,St. Louis Cardinals at Atlanta Braves,2025-04-22,Atlanta Braves,St. Louis Cardinals,Truist Park,4705
778214,St. Louis Cardinals at Atlanta Braves,2025-04-23,Atlanta Braves,St. Louis Cardinals,Truist Park,4705
778092,Los Angeles Dodgers at Atlanta Braves,2025-05-02,Atlanta Braves,Los Angeles Dodgers,Truist Park,4705
778076,Los Angeles Dodgers at Atlanta Braves,2025-05-03,Atlanta Braves,Los Angeles Dodgers,Truist Park,4705
778060,Los Angeles Dodgers at Atlanta Braves,2025-05-04,Atlanta Braves,Los Angeles Dodgers,Truist Park,4705
778049,Cincinnati Reds at Atlanta Braves,2025-05-05,Atlanta Braves,Cincinnati Reds,Truist Park,4705
778034,Cincinnati Reds at Atlanta Braves,2025-05-06,Atlanta Braves,Cincinnati Reds,Truist Park,4705
778023,Cincinnati Reds at Atlanta Braves,2025-05-07,Atlanta Braves,Cincinnati Reds,Truist Park,4705
778003,Cincinnati Reds at Atlanta Braves,2025-05-08,Atlanta Braves,Cincinnati Reds,Truist Park,4705
777959,Washington Nationals at Atlanta Braves,2025-05-12,Atlanta Braves,Washington Nationals,Truist Park,4705
777942,Washington Nationals at Atlanta Braves,2025-05-13,Atlanta Braves,Washington Nationals,Truist Park,4705
777929,Washington Nationals at Atlanta Braves,2025-05-14,Atlanta Braves,Washington Nationals,Truist Park,4705
777909,Washington Nationals at Atlanta Braves,2025-05-15,Atlanta Braves,Washington Nationals,Truist Park,4705
777813,San Diego Padres at Atlanta Braves,2025-05-23,Atlanta Braves,San Diego Padres,Truist Park,4705
777803,San Diego Padres at Atlanta Braves,2025-05-24,Atlanta Braves,San Diego Padres,Truist Park,4705
777783,San Diego Padres at Atlanta Braves,2025-05-25,Atlanta Braves,San Diego Padres,Truist Park,4705
777719,Boston Red Sox at Atlanta Braves,2025-05-30,Atlanta Braves,Boston Red Sox,Truist Park,4705
777706,Boston Red Sox at Atlanta Braves,2025-05-31,Atlanta Braves,Boston Red Sox,Truist Park,4705
777692,Boston Red Sox at Atlanta Braves,2025-06-01,Atlanta Braves,Boston Red Sox,Truist Park,4705
777672,Arizona Diamondbacks at Atlanta Braves,2025-06-03,Atlanta Braves,Arizona Diamondbacks,Truist Park,4705
777654,Arizona Diamondbacks at Atlanta Braves,2025-06-04,Atlanta Braves,Arizona Diamondbacks,Truist Park,4705
777640,Arizona Diamondbacks at Atlanta Braves,2025-06-05,Atlanta Braves,Arizona Diamondbacks,Truist Park,4705
777535,Colorado Rockies at Atlanta Braves,2025-06-13,Atlanta Braves,Colorado Rockies,Truist Park,4705
777523,Colorado Rockies at Atlanta Braves,2025-06-14,Atlanta Braves,Colorado Rockies,Truist Park,4705
777504,Colorado Rockies at Atlanta Braves,2025-06-15,Atlanta Braves,Colorado Rockies,Truist Park,4705
777489,New York Mets at Atlanta Braves,2025-06-17,Atlanta Braves,New York Mets,Truist Park,4705
777470,New York Mets at Atlanta Braves,2025-06-18,Atlanta Braves,New York Mets,Truist Park,4705
777455,New York Mets at Atlanta Braves,2025-06-19,Atlanta Braves,New York Mets,Truist Park,4705
777342,Philadelphia Phillies at Atlanta Braves,2025-06-27,Atlanta Braves,Philadelphia Phillies,Truist Park,4705
777333,Philadelphia Phillies at Atlanta Braves,2025-06-28,Atlanta Braves,Philadelphia Phillies,Truist Park,4705
777316,Philadelphia Phillies at Atlanta Braves,2025-06-29,Atlanta Braves,Philadelphia Phillies,Truist Park,4705
777298,Los Angeles Angels at Atlanta Braves,2025-07-01,Atlanta Braves,Los Angeles Angels,Truist Park,4705
777279,Los Angeles Angels at Atlanta Braves,2025-07-02,Atlanta Braves,Los Angeles Angels,Truist Park,4705
777261,Los Angeles Angels at Atlanta Braves,2025-07-03,Atlanta Braves,Los Angeles Angels,Truist Park,4705
777252,Baltimore Orioles at Atlanta Braves,2025-07-04,Atlanta Braves,Baltimore Orioles,Truist Park,4705
777237,Baltimore Orioles at Atlanta Braves,2025-07-05,Atlanta Braves,Baltimore Orioles,Truist Park,4705
777222,Baltimore Orioles at Atlanta Braves,2025-07-06,Atlanta Braves,Baltimore Orioles,Truist Park,4705
777114,New York Yankees at Atlanta Braves,2025-07-18,Atlanta Braves,New York Yankees,Truist Park,4705
777097,New York Yankees at Atlanta Braves,2025-07-19,Atlanta Braves,New York Yankees,Truist Park,4705
777083,New York Yankees at Atlanta Braves,2025-07-20,Atlanta Braves,New York Yankees,Truist Park,4705
777069,San Francisco Giants at Atlanta Braves,2025-07-21,Atlanta Braves,San Francisco Giants,Truist Park,4705
777058,San Francisco Giants at Atlanta Braves,2025-07-22,Atlanta Braves,San Francisco Giants,Truist Park,4705
777041,San Francisco Giants at Atlanta Braves,2025-07-23,Atlanta Braves,San Francisco Giants,Truist Park,4705
776882,Milwaukee Brewers at Atlanta Braves,2025-08-04,Atlanta Braves,Milwaukee Brewers,Truist Park,4705
776869,Milwaukee Brewers at Atlanta Braves,2025-08-05,Atlanta Braves,Milwaukee Brewers,Truist Park,4705
776853,Milwaukee Brewers at Atlanta Braves,2025-08-06,Atlanta Braves,Milwaukee Brewers,Truist Park,4705
776842,Miami Marlins at Atlanta Braves,2025-08-07,Atlanta Braves,Miami Marlins,Truist Park,4705
776834,Miami Marlins at Atlanta Braves,2025-08-08,Atlanta Braves,Miami Marlins,Truist Park,4705
776819,Miami Marlins at Atlanta Braves,2025-08-09,Atlanta Braves,Miami Marlins,Truist Park,4705
776803,Miami Marlins at Atlanta Braves,2025-08-10,Atlanta Braves,Miami Marlins,Truist Park,4705
776696,Chicago White Sox at Atlanta Braves,2025-08-18,Atlanta Braves,Chicago White Sox,Truist Park,4705
776687,Chicago White Sox at Atlanta Braves,2025-08-19,Atlanta Braves,Chicago White Sox,Truist Park,4705
776669,Chicago White Sox at Atlanta Braves,2025-08-20,Atlanta Braves,Chicago White Sox,Truist Park,4705
776645,New York Mets at Atlanta Braves,2025-08-22,Atlanta Braves,New York Mets,Truist Park,4705
776626,New York Mets at Atlanta Braves,2025-08-23,Atlanta Braves,New York Mets,Truist Park,4705
776624,New York Mets at Atlanta Braves,2025-08-24,Atlanta Braves,New York Mets,Truist Park,4705
776460,Seattle Mariners at Atlanta Braves,2025-09-05,Atlanta Braves,Seattle Mariners,Truist Park,4705
776447,Seattle Mariners at Atlanta Braves,2025-09-06,Atlanta Braves,Seattle Mariners,Truist Park,4705
776428,Seattle Mariners at Atlanta Braves,2025-09-07,Atlanta Braves,Seattle Mariners,Truist Park,4705
776412,Chicago Cubs at Atlanta Braves,2025-09-08,Atlanta Braves,Chicago Cubs,Truist Park,4705
776402,Chicago Cubs at Atlanta Braves,2025-09-09,Atlanta Braves,Chicago Cubs,Truist Park,4705
776381,Chicago Cubs at Atlanta Braves,2025-09-10,Atlanta Braves,Chicago Cubs,Truist Park,4705
776360,Houston Astros at Atlanta Braves,2025-09-12,Atlanta Braves,Houston Astros,Truist Park,4705
776346,Houston Astros at Atlanta Braves,2025-09-13,Atlanta Braves,Houston Astros,Truist Park,4705
776329,Houston Astros at Atlanta Braves,2025-09-14,Atlanta Braves,Houston Astros,Truist Park,4705
776221,Washington Nationals at Atlanta Braves,2025-09-22,Atlanta Braves,Washington Nationals,Truist Park,4705
776219,Washington Nationals at Atlanta Braves,2025-09-23,Atlanta Braves,Washington Nationals,Truist Park,4705
776200,Washington Nationals at Atlanta Braves,2025-09-24,Atlanta Braves,Washington Nationals,Truist Park,4705
776180,Pittsburgh Pirates at Atlanta Braves,2025-09-26,Atlanta Braves,Pittsburgh Pirates,Truist Park,4705
776156,Pittsburgh Pirates at Atlanta Braves,2025-09-27,Atlanta Braves,Pittsburgh Pirates,Truist Park,4705
776149,Pittsburgh Pirates at Atlanta Braves,2025-09-28,Atlanta Braves,Pittsburgh Pirates,Truist Park,4705
831597,Minnesota Twins at Atlanta Braves,2026-02-22,Atlanta Braves,Minnesota Twins,CoolToday Park,5380
831594,Detroit Tigers at Atlanta Braves,2026-02-24,Atlanta Braves,Detroit Tigers,CoolToday Park,5380
831490,Pittsburgh Pirates at Atlanta Braves,2026-02-25,Atlanta Braves,Pittsburgh Pirates,CoolToday Park,5380
831588,Boston Red Sox at Atlanta Braves,2026-02-27,Atlanta Braves,Boston Red Sox,CoolToday Park,5380
831585,Tampa Bay Rays at Atlanta Braves,2026-03-01,Atlanta Braves,Tampa Bay Rays,CoolToday Park,5380
831438,Colombia at Atlanta Braves,2026-03-04,Atlanta Braves,Colombia,CoolToday Park,5380
831583,Toronto Blue Jays at Atlanta Braves,2026-03-05,Atlanta Braves,Toronto Blue Jays,CoolToday Park,5380
831580,Baltimore Orioles at Atlanta Braves,2026-03-07,Atlanta Braves,Baltimore Orioles,CoolToday Park,5380
831569,Minnesota Twins at Atlanta Braves,2026-03-09,Atlanta Braves,Minnesota Twins,CoolToday Park,5380
831574,Tampa Bay Rays at Atlanta Braves,2026-03-11,Atlanta Braves,Tampa Bay Rays,CoolToday Park,5380
831563,New York Yankees at Atlanta Braves,2026-03-13,Atlanta Braves,New York Yankees,CoolToday Park,5380
831566,Boston Red Sox at Atlanta Braves,2026-03-14,Atlanta Braves,Boston Red Sox,CoolToday Park,5380
831557,Tampa Bay Rays at Atlanta Braves,2026-03-16,Atlanta Braves,Tampa Bay Rays,CoolToday Park,5380
831453,Philadelphia Phillies at Atlanta Braves,2026-03-18,Atlanta Braves,Philadelphia Phillies,CoolToday Park,5380
831451,Pittsburgh Pirates at Atlanta Braves,2026-03-20,Atlanta Braves,Pittsburgh Pirates,CoolToday Park,5380
831545,Tampa Bay Rays at Atlanta Braves,2026-03-24,Atlanta Braves,Tampa Bay Rays,CoolToday Park,5380
824946,Kansas City Royals at Atlanta Braves,2026-03-26,Atlanta Braves,Kansas City Royals,Truist Park,4705
824945,Kansas City Royals at Atlanta Braves,2026-03-28,Atlanta Braves,Kansas City Royals,Truist Park,4705
824944,Kansas City Royals at Atlanta Braves,2026-03-29,Atlanta Braves,Kansas City Royals,Truist Park,4705
824943,Athletics at Atlanta Braves,2026-03-30,Atlanta Braves,Athletics,Truist Park,4705
824942,Athletics at Atlanta Braves,2026-03-31,Atlanta Braves,Athletics,Truist Park,4705
824940,Athletics at Atlanta Braves,2026-04-01,Atlanta Braves,Athletics,Truist Park,4705
824941,Cleveland Guardians at Atlanta Braves,2026-04-10,Atlanta Braves,Cleveland Guardians,Truist Park,4705
824939,Cleveland Guardians at Atlanta Braves,2026-04-11,Atlanta Braves,Cleveland Guardians,Truist Park,4705
824938,Cleveland Guardians at Atlanta Braves,2026-04-12,Atlanta Braves,Cleveland Guardians,Truist Park,4705
824937,Miami Marlins at Atlanta Braves,2026-04-13,Atlanta Braves,Miami Marlins,Truist Park,4705
824935,Miami Marlins at Atlanta Braves,2026-04-14,Atlanta Braves,Miami Marlins,Truist Park,4705
824936,Miami Marlins at Atlanta Braves,2026-04-15,Atlanta Braves,Miami Marlins,Truist Park,4705
824932,Philadelphia Phillies at Atlanta Braves,2026-04-24,Atlanta Braves,Philadelphia Phillies,Truist Park,4705
824933,Philadelphia Phillies at Atlanta Braves,2026-04-25,Atlanta Braves,Philadelphia Phillies,Truist Park,4705
824934,Philadelphia Phillies at Atlanta Braves,2026-04-26,Atlanta Braves,Philadelphia Phillies,Truist Park,4705
824931,Detroit Tigers at Atlanta Braves,2026-04-28,Atlanta Braves,Detroit Tigers,Truist Park,4705
824930,Detroit Tigers at Atlanta Braves,2026-04-29,Atlanta Braves,Detroit Tigers,Truist Park,4705
824929,Detroit Tigers at Atlanta Braves,2026-04-30,Atlanta Braves,Detroit Tigers,Truist Park,4705
824927,Chicago Cubs at Atlanta Braves,2026-05-12,Atlanta Braves,Chicago Cubs,Truist Park,4705
824928,Chicago Cubs at Atlanta Braves,2026-05-13,Atlanta Braves,Chicago Cubs,Truist Park,4705
824926,Chicago Cubs at Atlanta Braves,2026-05-14,Atlanta Braves,Chicago Cubs,Truist Park,4705
824925,Boston Red Sox at Atlanta Braves,2026-05-15,Atlanta Braves,Boston Red Sox,Truist Park,4705
824924,Boston Red Sox at Atlanta Braves,2026-05-16,Atlanta Braves,Boston Red Sox,Truist Park,4705
824923,Boston Red Sox at Atlanta Braves,2026-05-17,Atlanta Braves,Boston Red Sox,Truist Park,4705
824922,Washington Nationals at Atlanta Braves,2026-05-22,Atlanta Braves,Washington Nationals,Truist Park,4705
824920,Washington Nationals at Atlanta Braves,2026-05-23,Atlanta Braves,Washington Nationals,Truist Park,4705
824921,Washington Nationals at Atlanta Braves,2026-05-24,Atlanta Braves,Washington Nationals,Truist Park,4705
824918,Toronto Blue Jays at Atlanta Braves,2026-06-02,Atlanta Braves,Toronto Blue Jays,Truist Park,4705
824917,Toronto Blue Jays at Atlanta Braves,2026-06-03,Atlanta Braves,Toronto Blue Jays,Truist Park,4705
824919,Toronto Blue Jays at Atlanta Braves,2026-06-04,Atlanta Braves,Toronto Blue Jays,Truist Park,4705
824914,Pittsburgh Pirates at Atlanta Braves,2026-06-05,Atlanta Braves,Pittsburgh Pirates,Truist Park,4705
824915,Pittsburgh Pirates at Atlanta Braves,2026-06-06,Atlanta Braves,Pittsburgh Pirates,Truist Park,4705
824916,Pittsburgh Pirates at Atlanta Braves,2026-06-07,Atlanta Braves,Pittsburgh Pirates,Truist Park,4705
